rank	motif_DB	motif_ID	motif_alt_ID	consensus	p-value	adj_p-value	E-value	tests	FASTA_max	pos	neg	PWM_min	TP	%TP	FP	%FP
1	db/JASPAR/JASPAR2022_CORE_vertebrates_non-redundant.meme	MA1596.1	MA1596.1.ZNF460	GCCTCMGCCTCCCRAG	1.72e-130	1.05e-127	8.80e-125	611	971	971	1942	39.4	294	30.28	17	0.88
2	db/JASPAR/JASPAR2022_CORE_vertebrates_non-redundant.meme	MA1587.1	MA1587.1.ZNF135	CCTCGACCTCCYRR	4.93e-126	2.48e-123	2.08e-120	504	971	971	1942	11.1	284	29.25	16	0.82
3	db/JASPAR/JASPAR2022_CORE_vertebrates_non-redundant.meme	MA1125.1	MA1125.1.ZNF384	DNWMAAAAAAAA	1.97e-86	2.80e-83	2.35e-80	1426	971	971	1942	59.9	236	24.30	31	1.60
4	db/JASPAR/JASPAR2022_CORE_vertebrates_non-redundant.meme	MA0052.4	MA0052.4.MEF2A	DDCTAAAAATAGMHH	1.39e-73	1.65e-70	1.38e-67	1183	971	971	1942	3.65	358	36.87	168	8.65
5	db/JASPAR/JASPAR2022_CORE_vertebrates_non-redundant.meme	MA1710.1	MA1710.1.ZNF257	VDGAGGCRAGRG	2.15e-61	2.61e-58	2.19e-55	1214	971	971	1942	3.35	451	46.45	332	17.10
6	db/JASPAR/JASPAR2022_CORE_vertebrates_non-redundant.meme	MA1623.1	MA1623.1.Stat2	RGAAACAGAAASH	9.36e-59	1.24e-55	1.04e-52	1324	971	971	1942	1.13	624	64.26	638	32.85
7	db/JASPAR/JASPAR2022_CORE_vertebrates_non-redundant.meme	MA0497.1	MA0497.1.MEF2C	DDDCYAAAAATAGMW	2.24e-56	2.12e-53	1.78e-50	948	971	971	1942	2.37	364	37.49	229	11.79
8	db/JASPAR/JASPAR2022_CORE_vertebrates_non-redundant.meme	MA1723.1	MA1723.1.PRDM9	RGDGGGVAGGGRGGVRRMARVARR	1.59e-55	1.64e-52	1.37e-49	1028	971	971	1942	1.14	527	54.27	479	24.67
9	db/JASPAR/JASPAR2022_CORE_vertebrates_non-redundant.meme	MA0740.2	MA0740.2.KLF14	KGGGCGGGG	2.05e-50	2.18e-47	1.83e-44	1066	971	971	1942	6.23	330	33.99	206	10.61
10	db/JASPAR/JASPAR2022_CORE_vertebrates_non-redundant.meme	MA1872.1	MA1872.1.ZNF354A	HWAADWATAAATGRAYWAWTT	6.21e-49	8.03e-46	6.73e-43	1293	971	971	1942	1.98	482	49.64	436	22.45
11	db/JASPAR/JASPAR2022_CORE_vertebrates_non-redundant.meme	MA0773.1	MA0773.1.MEF2D	DCTAWAAATAGM	2.23e-47	4.85e-45	4.06e-42	217	971	971	1942	1.05	172	17.71	45	2.32
12	db/JASPAR/JASPAR2022_CORE_vertebrates_non-redundant.meme	MA0660.1	MA0660.1.MEF2B	RCTAWAAATAGC	3.32e-46	7.17e-44	6.01e-41	216	971	971	1942	1.29	163	16.79	40	2.06
13	db/JASPAR/JASPAR2022_CORE_vertebrates_non-redundant.meme	MA1515.1	MA1515.1.KLF2	NRCCACRCCCH	2.72e-46	3.51e-43	2.94e-40	1290	971	971	1942	4.9	332	34.19	224	11.53
14	db/JASPAR/JASPAR2022_CORE_vertebrates_non-redundant.meme	MA0746.2	MA0746.2.SP3	NGCCACGCCCMCH	2.08e-45	1.48e-42	1.24e-39	711	971	971	1942	6.64	226	23.27	100	5.15
15	db/JASPAR/JASPAR2022_CORE_vertebrates_non-redundant.meme	MA1870.1	MA1870.1.KLF7	DGGGCGGGG	4.52e-44	5.22e-41	4.37e-38	1155	971	971	1942	4.71	370	38.11	286	14.73
16	db/JASPAR/JASPAR2022_CORE_vertebrates_non-redundant.meme	MA0041.2	MA0041.2.FOXD3	WAWGHAAATAAACARY	6.40e-44	7.49e-41	6.28e-38	1170	971	971	1942	1.69	461	47.48	427	21.99
17	db/JASPAR/JASPAR2022_CORE_vertebrates_non-redundant.meme	MA1511.2	MA1511.2.KLF10	GGGGCGGGG	1.28e-43	1.25e-40	1.05e-37	979	971	971	1942	13.4	226	23.27	105	5.41
18	db/JASPAR/JASPAR2022_CORE_vertebrates_non-redundant.meme	MA1107.2	MA1107.2.KLF9	MNGCCACACCCACHYV	9.23e-43	8.80e-40	7.38e-37	954	971	971	1942	2.01	381	39.24	308	15.86
19	db/JASPAR/JASPAR2022_CORE_vertebrates_non-redundant.meme	MA0493.2	MA0493.2.KLF1	DGGGYGGGG	1.39e-42	1.61e-39	1.35e-36	1163	971	971	1942	21.9	206	21.22	87	4.48
20	db/JASPAR/JASPAR2022_CORE_vertebrates_non-redundant.meme	MA0742.2	MA0742.2.KLF12	GGGGCGGGG	2.64e-41	2.06e-38	1.73e-35	781	971	971	1942	22.4	178	18.33	63	3.24
21	db/JASPAR/JASPAR2022_CORE_vertebrates_non-redundant.meme	MA0516.3	MA0516.3.SP2	GGGGCGGGG	1.71e-40	1.84e-37	1.54e-34	1074	971	971	1942	11.7	261	26.88	155	7.98
22	db/JASPAR/JASPAR2022_CORE_vertebrates_non-redundant.meme	MA1487.2	MA1487.2.FOXE1	VYTAAAYAAACAAH	2.73e-40	2.06e-37	1.73e-34	755	971	971	1942	2.07	317	32.65	228	11.74
23	db/JASPAR/JASPAR2022_CORE_vertebrates_non-redundant.meme	MA0685.2	MA0685.2.SP4	GGGGCGGGG	2.41e-40	2.32e-37	1.94e-34	963	971	971	1942	19.3	236	24.30	126	6.49
24	db/JASPAR/JASPAR2022_CORE_vertebrates_non-redundant.meme	MA0079.5	MA0079.5.SP1	GGGGCGGGG	1.70e-39	1.58e-36	1.32e-33	931	971	971	1942	23.3	223	22.97	114	5.87
25	db/JASPAR/JASPAR2022_CORE_vertebrates_non-redundant.meme	MA1512.1	MA1512.1.KLF11	SCCACGCCCMC	3.38e-37	2.90e-34	2.43e-31	860	971	971	1942	2.34	321	33.06	247	12.72
26	db/JASPAR/JASPAR2022_CORE_vertebrates_non-redundant.meme	MA1513.1	MA1513.1.KLF15	SCCCCGCCCCS	6.70e-37	4.40e-34	3.69e-31	657	971	971	1942	38.8	174	17.92	70	3.60
27	db/JASPAR/JASPAR2022_CORE_vertebrates_non-redundant.meme	MA1564.1	MA1564.1.SP9	RCCACGCCCMCY	5.45e-37	6.29e-34	5.27e-31	1154	971	971	1942	8.1	229	23.58	129	6.64
28	db/JASPAR/JASPAR2022_CORE_vertebrates_non-redundant.meme	MA0599.1	MA0599.1.KLF5	GCCCCDCCCH	3.87e-36	5.02e-33	4.21e-30	1298	971	971	1942	27.3	173	17.82	71	3.66
29	db/JASPAR/JASPAR2022_CORE_vertebrates_non-redundant.meme	MA0162.4	MA0162.4.EGR1	VCMCGCCCACGCVS	1.00e-35	8.85e-33	7.42e-30	884	971	971	1942	5.58	227	23.38	131	6.75
30	db/JASPAR/JASPAR2022_CORE_vertebrates_non-redundant.meme	MA0039.4	MA0039.4.KLF4	NNCCCCACCCHN	8.08e-36	1.20e-32	1.01e-29	1485	971	971	1942	3.3	415	42.74	396	20.39
31	db/JASPAR/JASPAR2022_CORE_vertebrates_non-redundant.meme	MA0846.1	MA0846.1.FOXC2	WAWGTAAACAWW	2.03e-35	2.34e-32	1.96e-29	1152	971	971	1942	1.01	539	55.51	613	31.57
32	db/JASPAR/JASPAR2022_CORE_vertebrates_non-redundant.meme	MA1517.1	MA1517.1.KLF6	NRCCACGCCCH	5.00e-34	5.00e-31	4.19e-28	1001	971	971	1942	5.9	194	19.98	99	5.10
33	db/JASPAR/JASPAR2022_CORE_vertebrates_non-redundant.meme	MA2032.1	MA2032.1.SP5	CBCCTCCCHS	4.21e-33	6.95e-30	5.82e-27	1649	971	971	1942	2.98	543	55.92	636	32.75
34	db/JASPAR/JASPAR2022_CORE_vertebrates_non-redundant.meme	MA1866.1	MA1866.1.PATZ1	SSGGGGMGGGGS	6.31e-32	6.68e-29	5.60e-26	1058	971	971	1942	1.06	496	51.08	558	28.73
35	db/JASPAR/JASPAR2022_CORE_vertebrates_non-redundant.meme	MA2039.1	MA2039.1.Prdm5	CBGTTCTCCATCTNN	3.54e-31	3.38e-28	2.83e-25	954	971	971	1942	1.04	451	46.45	484	24.92
36	db/JASPAR/JASPAR2022_CORE_vertebrates_non-redundant.meme	MA0032.2	MA0032.2.FOXC1	WAWGTAAAYAW	8.74e-31	9.00e-28	7.54e-25	1030	971	971	1942	1.15	453	46.65	490	25.23
37	db/JASPAR/JASPAR2022_CORE_vertebrates_non-redundant.meme	MA0496.3	MA0496.3.MAFK	NGMTGACTCAGCMNH	1.04e-29	6.64e-27	5.56e-24	640	971	971	1942	3.26	197	20.29	117	6.02
38	db/JASPAR/JASPAR2022_CORE_vertebrates_non-redundant.meme	MA0080.6	MA0080.6.Spi1	RRAAAGAGGAAGTGGDD	1.61e-29	1.42e-26	1.19e-23	882	971	971	1942	1.23	397	40.89	404	20.80
39	db/JASPAR/JASPAR2022_CORE_vertebrates_non-redundant.meme	MA0528.2	MA0528.2.ZNF263	VNGGGGAGGASG	1.20e-29	1.60e-26	1.34e-23	1336	971	971	1942	1.47	511	52.63	601	30.95
40	db/JASPAR/JASPAR2022_CORE_vertebrates_non-redundant.meme	MA0845.1	MA0845.1.FOXB1	WATGTAAATAT	2.57e-28	2.08e-25	1.75e-22	812	971	971	1942	1.15	377	38.83	379	19.52
41	db/JASPAR/JASPAR2022_CORE_vertebrates_non-redundant.meme	MA0146.2	MA0146.2.Zfx	SSSGCCBVGGCCTS	6.62e-28	6.95e-25	5.82e-22	1049	971	971	1942	12	207	21.32	136	7.00
42	db/JASPAR/JASPAR2022_CORE_vertebrates_non-redundant.meme	MA0741.1	MA0741.1.KLF16	GMCACGCCCCC	6.07e-27	6.49e-24	5.44e-21	1069	971	971	1942	11.3	190	19.57	119	6.13
43	db/JASPAR/JASPAR2022_CORE_vertebrates_non-redundant.meme	MA0745.2	MA0745.2.SNAI2	NBGCACCTGTMNY	3.97e-26	2.53e-23	2.12e-20	637	971	971	1942	5.49	159	16.37	86	4.43
44	db/JASPAR/JASPAR2022_CORE_vertebrates_non-redundant.meme	MA1630.2	MA1630.2.ZNF281	GGGGGAGGGGVV	3.97e-26	3.01e-23	2.52e-20	758	971	971	1942	1.81	337	34.71	329	16.94
45	db/JASPAR/JASPAR2022_CORE_vertebrates_non-redundant.meme	MA1653.1	MA1653.1.ZNF148	YBCCCCTCCCCC	4.97e-26	6.18e-23	5.18e-20	1243	971	971	1942	2.63	433	44.59	488	25.13
46	db/JASPAR/JASPAR2022_CORE_vertebrates_non-redundant.meme	MA1652.1	MA1652.1.ZKSCAN5	NNRGGARGTGAGRR	1.06e-25	8.91e-23	7.46e-20	840	971	971	1942	1.04	397	40.89	429	22.09
47	db/JASPAR/JASPAR2022_CORE_vertebrates_non-redundant.meme	MA1516.1	MA1516.1.KLF3	GRCCRCGCCCH	1.57e-25	9.58e-23	8.03e-20	609	971	971	1942	1.03	312	32.13	294	15.14
48	db/JASPAR/JASPAR2022_CORE_vertebrates_non-redundant.meme	MA0471.2	MA0471.2.E2F6	VVDGGCGGGAAVV	9.65e-26	1.20e-22	1.00e-19	1239	971	971	1942	2.92	331	34.09	322	16.58
49	db/JASPAR/JASPAR2022_CORE_vertebrates_non-redundant.meme	MA0814.2	MA0814.2.TFAP2C	NNGCCTGAGGCGNN	1.23e-24	1.58e-21	1.33e-18	1291	971	971	1942	1.15	537	55.30	688	35.43
50	db/JASPAR/JASPAR2022_CORE_vertebrates_non-redundant.meme	MA0747.1	MA0747.1.SP8	RCCACGCCCMCY	1.63e-24	1.88e-21	1.58e-18	1157	971	971	1942	8.28	191	19.67	130	6.69
51	db/JASPAR/JASPAR2022_CORE_vertebrates_non-redundant.meme	MA0712.2	MA0712.2.OTX2	NDRGGATTARNN	4.32e-24	4.14e-21	3.47e-18	959	971	971	1942	1.4	398	40.99	442	22.76
52	db/JASPAR/JASPAR2022_CORE_vertebrates_non-redundant.meme	MA0829.2	MA0829.2.SREBF1	DNATCACSTGATNH	1.21e-23	4.36e-21	3.66e-18	360	971	971	1942	6.11	87	8.96	23	1.18
53	db/JASPAR/JASPAR2022_CORE_vertebrates_non-redundant.meme	MA0467.2	MA0467.2.Crx	NDGGATTANN	5.93e-23	6.07e-20	5.09e-17	1023	971	971	1942	1.5	406	41.81	464	23.89
54	db/JASPAR/JASPAR2022_CORE_vertebrates_non-redundant.meme	MA0050.3	MA0050.3.Irf1	ANTGAAACTGAAASH	2.28e-22	2.45e-19	2.06e-16	1075	971	971	1942	1.06	469	48.30	580	29.87
55	db/JASPAR/JASPAR2022_CORE_vertebrates_non-redundant.meme	MA1627.1	MA1627.1.Wt1	YBCCTCCCCCACVB	3.02e-22	3.31e-19	2.78e-16	1099	971	971	1942	1.46	435	44.80	520	26.78
56	db/JASPAR/JASPAR2022_CORE_vertebrates_non-redundant.meme	MA0640.2	MA0640.2.ELF3	NNCCACTTCCTGNT	5.05e-22	5.39e-19	4.52e-16	1067	971	971	1942	1.26	410	42.22	478	24.61
57	db/JASPAR/JASPAR2022_CORE_vertebrates_non-redundant.meme	MA0017.2	MA0017.2.NR2F1	CARAGGTCAMVNG	8.69e-22	6.02e-19	5.04e-16	692	971	971	1942	2.69	225	23.17	188	9.68
58	db/JASPAR/JASPAR2022_CORE_vertebrates_non-redundant.meme	MA0830.2	MA0830.2.TCF4	NNGCACCTGCCNN	6.83e-22	8.27e-19	6.93e-16	1211	971	971	1942	1.04	518	53.35	675	34.76
59	db/JASPAR/JASPAR2022_CORE_vertebrates_non-redundant.meme	MA1721.1	MA1721.1.ZNF93	GGYAGCRGCAGCGGYG	2.24e-21	9.15e-19	7.67e-16	409	971	971	1942	1.04	222	22.86	186	9.58
60	db/JASPAR/JASPAR2022_CORE_vertebrates_non-redundant.meme	MA0522.3	MA0522.3.TCF3	NVCACCTGCNN	1.23e-21	1.20e-18	1.01e-15	979	971	971	1942	1.18	392	40.37	450	23.17
61	db/JASPAR/JASPAR2022_CORE_vertebrates_non-redundant.meme	MA0517.1	MA0517.1.STAT1::STAT2	THAGTTTCRKTTTCY	3.20e-21	1.74e-18	1.46e-15	544	971	971	1942	1.1	271	27.91	258	13.29
62	db/JASPAR/JASPAR2022_CORE_vertebrates_non-redundant.meme	MA0733.1	MA0733.1.EGR4	NHMCGCCCACGCAHWT	5.28e-21	2.94e-18	2.47e-15	557	971	971	1942	1.04	280	28.84	273	14.06
63	db/JASPAR/JASPAR2022_CORE_vertebrates_non-redundant.meme	MA0601.1	MA0601.1.Arid3b	ATATTAATWAN	2.86e-21	3.36e-18	2.82e-15	1175	971	971	1942	1.4	439	45.21	535	27.55
64	db/JASPAR/JASPAR2022_CORE_vertebrates_non-redundant.meme	MA1648.1	MA1648.1.TCF12	NNCACCTGCNN	3.15e-21	3.65e-18	3.06e-15	1160	971	971	1942	1.13	472	48.61	595	30.64
65	db/JASPAR/JASPAR2022_CORE_vertebrates_non-redundant.meme	MA1650.1	MA1650.1.ZBTB14	SSCCGCGCACVS	7.39e-21	4.69e-18	3.93e-15	634	971	971	1942	1.13	302	31.10	308	15.86
66	db/JASPAR/JASPAR2022_CORE_vertebrates_non-redundant.meme	MA2033.1	MA2033.1.THRA	NYTGTGTCCTCABRTGACCTYWBB	2.30e-20	5.44e-18	4.55e-15	236	971	971	1942	1.3	140	14.42	85	4.38
67	db/JASPAR/JASPAR2022_CORE_vertebrates_non-redundant.meme	MA0728.1	MA0728.1.Nr2F6	RAGGTCAARAGGTCA	1.11e-19	5.53e-18	4.64e-15	50	971	971	1942	1.13	47	4.84	3	0.15
68	db/JASPAR/JASPAR2022_CORE_vertebrates_non-redundant.meme	MA1621.1	MA1621.1.Rbpjl	NNVACACCTGTBNN	5.18e-20	5.07e-17	4.25e-14	980	971	971	1942	2.21	258	26.57	246	12.67
69	db/JASPAR/JASPAR2022_CORE_vertebrates_non-redundant.meme	MA0801.1	MA0801.1.MGA	AGGTGTGA	1.02e-19	7.54e-17	6.32e-14	740	971	971	1942	1.35	304	31.31	319	16.43
70	db/JASPAR/JASPAR2022_CORE_vertebrates_non-redundant.meme	MA0682.2	MA0682.2.PITX1	YTAATCCH	1.36e-19	1.36e-16	1.14e-13	1002	971	971	1942	1.65	365	37.59	420	21.63
71	db/JASPAR/JASPAR2022_CORE_vertebrates_non-redundant.meme	MA0073.1	MA0073.1.RREB1	CCCCMAAMCAMCCMCMMMCV	6.00e-19	1.40e-16	1.17e-13	233	971	971	1942	1.23	137	14.11	87	4.48
72	db/JASPAR/JASPAR2022_CORE_vertebrates_non-redundant.meme	MA1110.2	MA1110.2.Nr1H4	NVAGGTCANN	2.61e-19	3.13e-16	2.62e-13	1198	971	971	1942	2.81	245	25.23	231	11.89
73	db/JASPAR/JASPAR2022_CORE_vertebrates_non-redundant.meme	MA1713.1	MA1713.1.ZNF610	SSCGCCGCTCCSSS	6.14e-19	3.81e-16	3.19e-13	620	971	971	1942	1.05	298	30.69	315	16.22
74	db/JASPAR/JASPAR2022_CORE_vertebrates_non-redundant.meme	MA0901.2	MA0901.2.HOXB13	WDCCAATAAAAWWW	1.61e-18	1.62e-15	1.36e-12	1007	971	971	1942	1.08	427	43.98	537	27.65
75	db/JASPAR/JASPAR2022_CORE_vertebrates_non-redundant.meme	MA1514.1	MA1514.1.KLF17	MMCCACGCACCCMTY	4.31e-18	1.95e-15	1.63e-12	451	971	971	1942	1.25	216	22.25	196	10.09
76	db/JASPAR/JASPAR2022_CORE_vertebrates_non-redundant.meme	MA0851.1	MA0851.1.Foxj3	NDAADGTAAACAAANNM	2.62e-18	1.99e-15	1.67e-12	760	971	971	1942	1.2	326	33.57	365	18.80
77	db/JASPAR/JASPAR2022_CORE_vertebrates_non-redundant.meme	MA1565.1	MA1565.1.TBX18	DRAGGTGTGAAR	2.73e-18	2.41e-15	2.02e-12	884	971	971	1942	1.15	360	37.08	422	21.73
78	db/JASPAR/JASPAR2022_CORE_vertebrates_non-redundant.meme	MA1099.2	MA1099.2.HES1	GGCRCGTGBC	6.32e-18	2.48e-15	2.08e-12	393	971	971	1942	1.27	192	19.77	163	8.39
79	db/JASPAR/JASPAR2022_CORE_vertebrates_non-redundant.meme	MA0047.3	MA0047.3.FOXA2	RWGTAAACANN	4.39e-18	3.49e-15	2.93e-12	795	971	971	1942	1.13	343	35.32	395	20.34
80	db/JASPAR/JASPAR2022_CORE_vertebrates_non-redundant.meme	MA1620.1	MA1620.1.Ptf1A	NVACACCTGTNN	4.43e-18	4.05e-15	3.39e-12	914	971	971	1942	5.04	129	13.29	81	4.17
81	db/JASPAR/JASPAR2022_CORE_vertebrates_non-redundant.meme	MA0821.2	MA0821.2.HES5	GRCACGTGYC	1.41e-17	5.58e-15	4.67e-12	396	971	971	1942	1.05	202	20.80	179	9.22
82	db/JASPAR/JASPAR2022_CORE_vertebrates_non-redundant.meme	MA1607.1	MA1607.1.Foxl2	DDWATGTAAACANN	8.25e-18	7.49e-15	6.28e-12	908	971	971	1942	1.05	393	40.47	483	24.87
83	db/JASPAR/JASPAR2022_CORE_vertebrates_non-redundant.meme	MA2046.1	MA2046.1.Ikzf3	NNRCAGGAAGTGGVN	7.58e-18	8.02e-15	6.72e-12	1058	971	971	1942	1.87	311	32.03	344	17.71
84	db/JASPAR/JASPAR2022_CORE_vertebrates_non-redundant.meme	MA1631.1	MA1631.1.ASCL1	NNGCACCTGCYNB	1.07e-17	1.14e-14	9.52e-12	1060	971	971	1942	1.02	457	47.06	599	30.84
85	db/JASPAR/JASPAR2022_CORE_vertebrates_non-redundant.meme	MA0602.1	MA0602.1.Arid5a	SYAATATTGVDANH	1.47e-17	1.37e-14	1.14e-11	931	971	971	1942	1.02	411	42.33	517	26.62
86	db/JASPAR/JASPAR2022_CORE_vertebrates_non-redundant.meme	MA0859.1	MA0859.1.Rarg	RAGGTCAAAAGGTCAW	3.25e-16	1.59e-14	1.33e-11	49	971	971	1942	12.7	35	3.60	1	0.05
87	db/JASPAR/JASPAR2022_CORE_vertebrates_non-redundant.meme	MA0632.2	MA0632.2.TCFL5	KCACGCGCMC	4.74e-17	1.74e-14	1.46e-11	367	971	971	1942	6.46	70	7.21	23	1.18
88	db/JASPAR/JASPAR2022_CORE_vertebrates_non-redundant.meme	MA1559.1	MA1559.1.SNAI3	RRCAGGTGYA	3.31e-17	2.07e-14	1.74e-11	627	971	971	1942	1.53	257	26.47	263	13.54
89	db/JASPAR/JASPAR2022_CORE_vertebrates_non-redundant.meme	MA0807.1	MA0807.1.TBX5	AGGTGTKA	3.80e-17	4.25e-14	3.56e-11	1117	971	971	1942	1.49	291	29.97	317	16.32
90	db/JASPAR/JASPAR2022_CORE_vertebrates_non-redundant.meme	MA0791.1	MA0791.1.POU4F3	RTGMATWATTAATGAR	1.36e-16	9.44e-14	7.91e-11	694	971	971	1942	1.13	305	31.41	344	17.71
91	db/JASPAR/JASPAR2022_CORE_vertebrates_non-redundant.meme	MA0790.1	MA0790.1.POU4F1	ATGMATAATTAATG	2.03e-16	1.60e-13	1.34e-10	788	971	971	1942	1.02	356	36.66	431	22.19
92	db/JASPAR/JASPAR2022_CORE_vertebrates_non-redundant.meme	MA0506.2	MA0506.2.Nrf1	SNCTGCGCMTGCGCV	4.23e-16	1.66e-13	1.39e-10	393	971	971	1942	2.78	132	13.59	93	4.79
93	db/JASPAR/JASPAR2022_CORE_vertebrates_non-redundant.meme	MA0081.2	MA0081.2.SPIB	TYTCACTTCCTCTTTY	2.54e-16	2.00e-13	1.68e-10	789	971	971	1942	1.06	352	36.25	425	21.88
94	db/JASPAR/JASPAR2022_CORE_vertebrates_non-redundant.meme	MA0103.3	MA0103.3.ZEB1	SNCACCTGSVN	9.33e-16	1.06e-12	8.87e-10	1135	971	971	1942	2.68	296	30.48	336	17.30
95	db/JASPAR/JASPAR2022_CORE_vertebrates_non-redundant.meme	MA0803.1	MA0803.1.TBX15	AGGTGTGA	2.60e-15	1.37e-12	1.15e-9	526	971	971	1942	1.07	234	24.10	241	12.41
96	db/JASPAR/JASPAR2022_CORE_vertebrates_non-redundant.meme	MA0847.3	MA0847.3.FOXD2	SYTAARYAAACA	2.26e-15	1.49e-12	1.25e-9	659	971	971	1942	1.01	305	31.41	354	18.23
97	db/JASPAR/JASPAR2022_CORE_vertebrates_non-redundant.meme	MA0481.3	MA0481.3.FOXP1	NDGTAAACANH	4.08e-15	3.63e-12	3.04e-9	890	971	971	1942	1.16	355	36.56	441	22.71
98	db/JASPAR/JASPAR2022_CORE_vertebrates_non-redundant.meme	MA0616.2	MA0616.2.HES2	GGCACGTGYC	1.90e-14	5.09e-12	4.26e-9	268	971	971	1942	1.14	136	14.01	106	5.46
99	db/JASPAR/JASPAR2022_CORE_vertebrates_non-redundant.meme	MA1558.1	MA1558.1.SNAI1	DRCAGGTGYD	6.04e-15	5.58e-12	4.68e-9	924	971	971	1942	2.7	249	25.64	267	13.75
100	db/JASPAR/JASPAR2022_CORE_vertebrates_non-redundant.meme	MA0136.3	MA0136.3.Elf5	RVAAGGAAGTNN	8.18e-15	1.01e-11	8.42e-9	1229	971	971	1942	1.04	499	51.39	707	36.41
101	db/JASPAR/JASPAR2022_CORE_vertebrates_non-redundant.meme	MA0598.3	MA0598.3.EHF	NNCACTTCCTGTTNN	1.85e-14	1.60e-11	1.34e-8	865	971	971	1942	1.03	376	38.72	484	24.92
102	db/JASPAR/JASPAR2022_CORE_vertebrates_non-redundant.meme	MA0681.2	MA0681.2.PHOX2B	WWTAATCAAATTAWWW	3.07e-14	2.47e-11	2.07e-8	807	971	971	1942	1.02	356	36.66	451	23.22
103	db/JASPAR/JASPAR2022_CORE_vertebrates_non-redundant.meme	MA0499.2	MA0499.2.MYOD1	NNGCACCTGTCNB	3.36e-14	2.93e-11	2.45e-8	870	971	971	1942	1.61	282	29.04	326	16.79
104	db/JASPAR/JASPAR2022_CORE_vertebrates_non-redundant.meme	MA0806.1	MA0806.1.TBX4	AGGTGTGA	3.85e-14	3.04e-11	2.55e-8	791	971	971	1942	1.15	307	31.62	368	18.95
105	db/JASPAR/JASPAR2022_CORE_vertebrates_non-redundant.meme	MA1522.1	MA1522.1.MAZ	BBCCCCTCCCY	3.44e-14	3.34e-11	2.80e-8	971	971	971	1942	21.1	182	18.74	171	8.81
106	db/JASPAR/JASPAR2022_CORE_vertebrates_non-redundant.meme	MA1632.1	MA1632.1.ATF2	NNATGABGTCATN	1.11e-13	3.82e-11	3.20e-8	343	971	971	1942	1.49	139	14.32	114	5.87
107	db/JASPAR/JASPAR2022_CORE_vertebrates_non-redundant.meme	MA0473.3	MA0473.3.ELF1	RDVCAGGAAGTGVN	4.90e-14	4.08e-11	3.42e-8	832	971	971	1942	1.02	364	37.49	467	24.05
108	db/JASPAR/JASPAR2022_CORE_vertebrates_non-redundant.meme	MA0732.1	MA0732.1.EGR3	HHMCGCCCACGCAHH	6.15e-13	1.00e-10	8.40e-8	163	971	971	1942	1.14	96	9.89	63	3.24
109	db/JASPAR/JASPAR2022_CORE_vertebrates_non-redundant.meme	MA1876.1	MA1876.1.ZNF701	GAGCACYAARGGGGGRADDDD	1.33e-13	1.04e-10	8.71e-8	784	971	971	1942	1.06	345	35.53	438	22.55
110	db/JASPAR/JASPAR2022_CORE_vertebrates_non-redundant.meme	MA2028.1	MA2028.1.ZNF416	TATCTGGGCAH	1.36e-13	1.16e-10	9.73e-8	855	971	971	1942	1.01	370	38.11	482	24.82
111	db/JASPAR/JASPAR2022_CORE_vertebrates_non-redundant.meme	MA0148.4	MA0148.4.FOXA1	WWGTAAACATNN	1.90e-13	1.55e-10	1.30e-7	816	971	971	1942	1.03	351	36.15	450	23.17
112	db/JASPAR/JASPAR2022_CORE_vertebrates_non-redundant.meme	MA1100.2	MA1100.2.ASCL1	VGCAGCTGCN	1.35e-13	1.68e-10	1.41e-7	1246	971	971	1942	1.05	493	50.77	709	36.51
113	db/JASPAR/JASPAR2022_CORE_vertebrates_non-redundant.meme	MA0857.1	MA0857.1.Rarb	AAAGGTCAAAAGGTCA	4.93e-12	1.77e-10	1.49e-7	36	971	971	1942	1.28	32	3.30	4	0.21
114	db/JASPAR/JASPAR2022_CORE_vertebrates_non-redundant.meme	MA0609.2	MA0609.2.CREM	NNDGTGACGTCACHNN	6.42e-13	1.80e-10	1.51e-7	281	971	971	1942	1.02	149	15.35	132	6.80
115	db/JASPAR/JASPAR2022_CORE_vertebrates_non-redundant.meme	MA0003.4	MA0003.4.TFAP2A	NNKGCCTCAGGCNN	1.50e-13	1.91e-10	1.60e-7	1271	971	971	1942	1.01	515	53.04	752	38.72
116	db/JASPAR/JASPAR2022_CORE_vertebrates_non-redundant.meme	MA2047.1	MA2047.1.Nr1H2	NNRAGGTCANN	2.00e-13	2.14e-10	1.80e-7	1074	971	971	1942	1.33	408	42.02	552	28.42
117	db/JASPAR/JASPAR2022_CORE_vertebrates_non-redundant.meme	MA0033.2	MA0033.2.FOXL1	RTAAACA	6.25e-13	6.11e-10	5.12e-7	977	971	971	1942	1.01	410	42.22	561	28.89
118	db/JASPAR/JASPAR2022_CORE_vertebrates_non-redundant.meme	MA1683.1	MA1683.1.FOXA3	DWGTAAACANN	9.97e-13	8.42e-10	7.06e-7	845	971	971	1942	1.4	279	28.73	334	17.20
119	db/JASPAR/JASPAR2022_CORE_vertebrates_non-redundant.meme	MA0483.1	MA0483.1.Gfi1B	AAATCWCWGCH	1.23e-12	9.11e-10	7.63e-7	740	971	971	1942	2.31	212	21.83	227	11.69
120	db/JASPAR/JASPAR2022_CORE_vertebrates_non-redundant.meme	MA0062.3	MA0062.3.GABPA	NNCACTTCCTGTNN	1.13e-12	1.10e-9	9.19e-7	971	971	971	1942	1.01	409	42.12	562	28.94
121	db/JASPAR/JASPAR2022_CORE_vertebrates_non-redundant.meme	MA1871.1	MA1871.1.ZFP14	GGAGGCHCHGGARBG	1.50e-12	1.20e-9	1.00e-6	799	971	971	1942	1.18	324	33.37	412	21.22
122	db/JASPAR/JASPAR2022_CORE_vertebrates_non-redundant.meme	MA0018.4	MA0018.4.CREB1	NNRTGATGTCAYN	3.02e-12	1.58e-9	1.33e-6	523	971	971	1942	1.49	167	17.20	162	8.34
123	db/JASPAR/JASPAR2022_CORE_vertebrates_non-redundant.meme	MA0508.3	MA0508.3.PRDM1	YNCTTTCTCTH	1.77e-12	1.69e-9	1.41e-6	953	971	971	1942	23.8	42	4.33	10	0.51
124	db/JASPAR/JASPAR2022_CORE_vertebrates_non-redundant.meme	MA0474.3	MA0474.3.Erg	NNACAGGAAGTGVN	2.35e-12	2.23e-9	1.87e-6	950	971	971	1942	1.04	395	40.68	540	27.81
125	db/JASPAR/JASPAR2022_CORE_vertebrates_non-redundant.meme	MA1540.2	MA1540.2.NR5A1	NNRAGTTCAAGGTCANN	4.21e-12	2.82e-9	2.37e-6	671	971	971	1942	8.08	93	9.58	63	3.24
126	db/JASPAR/JASPAR2022_CORE_vertebrates_non-redundant.meme	MA1508.1	MA1508.1.IKZF1	VVAACAGGAARN	2.52e-12	3.20e-9	2.68e-6	1269	971	971	1942	1.02	506	52.11	749	38.57
127	db/JASPAR/JASPAR2022_CORE_vertebrates_non-redundant.meme	MA0014.3	MA0014.3.PAX5	RRGCGTGACCNN	7.74e-12	4.02e-9	3.36e-6	519	971	971	1942	1.01	240	24.72	278	14.32
128	db/JASPAR/JASPAR2022_CORE_vertebrates_non-redundant.meme	MA1152.1	MA1152.1.SOX15	CYWTTGTTHW	4.02e-12	6.48e-9	5.43e-6	1611	971	971	1942	1.25	549	56.54	836	43.05
129	db/JASPAR/JASPAR2022_CORE_vertebrates_non-redundant.meme	MA0761.2	MA0761.2.ETV1	NNACAGGAAGTGNN	1.10e-11	1.02e-8	8.54e-6	927	971	971	1942	1.5	298	30.69	376	19.36
130	db/JASPAR/JASPAR2022_CORE_vertebrates_non-redundant.meme	MA0788.1	MA0788.1.POU3F3	WWTATGCWAATTW	1.76e-11	1.34e-8	1.12e-5	762	971	971	1942	1.02	328	33.78	430	22.14
131	db/JASPAR/JASPAR2022_CORE_vertebrates_non-redundant.meme	MA1122.1	MA1122.1.TFDP1	VSGCGGGAAVN	2.03e-11	1.53e-8	1.28e-5	753	971	971	1942	1.09	315	32.44	408	21.01
132	db/JASPAR/JASPAR2022_CORE_vertebrates_non-redundant.meme	MA1873.1	MA1873.1.ZNF530	GMARGGMRAGGGGCRGSV	3.80e-11	2.67e-8	2.24e-5	703	971	971	1942	6.89	155	15.96	152	7.83
133	db/JASPAR/JASPAR2022_CORE_vertebrates_non-redundant.meme	MA1103.2	MA1103.2.FOXK2	DDGTAAACANN	3.33e-11	2.83e-8	2.38e-5	852	971	971	1942	1.02	354	36.46	479	24.67
134	db/JASPAR/JASPAR2022_CORE_vertebrates_non-redundant.meme	MA0649.1	MA0649.1.HEY2	GRCACGTGYC	1.26e-10	2.94e-8	2.46e-5	233	971	971	1942	1.05	121	12.46	107	5.51
135	db/JASPAR/JASPAR2022_CORE_vertebrates_non-redundant.meme	MA0786.1	MA0786.1.POU3F1	WTATGCWAATKW	4.69e-11	4.08e-8	3.42e-5	870	971	971	1942	1.19	339	34.91	454	23.38
136	db/JASPAR/JASPAR2022_CORE_vertebrates_non-redundant.meme	MA1581.1	MA1581.1.ZBTB6	DNSCTTGAGCCNV	6.41e-11	6.69e-8	5.60e-5	1044	971	971	1942	13.3	87	8.96	61	3.14
137	db/JASPAR/JASPAR2022_CORE_vertebrates_non-redundant.meme	MA1471.1	MA1471.1.BARX2	NWWAAYMATTAN	8.17e-11	8.62e-8	7.23e-5	1055	971	971	1942	1.02	428	44.08	619	31.87
138	db/JASPAR/JASPAR2022_CORE_vertebrates_non-redundant.meme	MA0157.3	MA0157.3.Foxo3	NDGTAAACARNN	1.84e-10	1.64e-7	1.37e-4	891	971	971	1942	1.08	347	35.74	475	24.46
139	db/JASPAR/JASPAR2022_CORE_vertebrates_non-redundant.meme	MA0480.2	MA0480.2.Foxo1	NDGTAAACANN	2.07e-10	1.85e-7	1.55e-4	894	971	971	1942	1.02	365	37.59	508	26.16
140	db/JASPAR/JASPAR2022_CORE_vertebrates_non-redundant.meme	MA0750.2	MA0750.2.ZBTB7A	NVCCGGAAGTGSV	3.68e-10	2.98e-7	2.50e-4	810	971	971	1942	1.05	331	34.09	450	23.17
141	db/JASPAR/JASPAR2022_CORE_vertebrates_non-redundant.meme	MA0627.2	MA0627.2.POU2F3	NWTATGCAAATNH	7.15e-10	5.00e-7	4.19e-4	700	971	971	1942	2.32	186	19.16	209	10.76
142	db/JASPAR/JASPAR2022_CORE_vertebrates_non-redundant.meme	MA0805.1	MA0805.1.TBX1	AGGTGTGA	8.14e-10	5.04e-7	4.22e-4	619	971	971	1942	18.1	82	8.44	60	3.09
143	db/JASPAR/JASPAR2022_CORE_vertebrates_non-redundant.meme	MA1868.1	MA1868.1.ZNF320	DGKGGGRCCMRGGGGCCWGTGHVNNNN	9.75e-10	6.66e-7	5.58e-4	683	971	971	1942	2.91	214	22.04	255	13.13
144	db/JASPAR/JASPAR2022_CORE_vertebrates_non-redundant.meme	MA0472.2	MA0472.2.EGR2	MCGCCCACGCA	4.16e-9	8.98e-7	7.52e-4	216	971	971	1942	1.03	112	11.53	104	5.36
145	db/JASPAR/JASPAR2022_CORE_vertebrates_non-redundant.meme	MA1560.1	MA1560.1.SOHLH2	YGCACGTGCN	4.42e-9	1.01e-6	8.44e-4	228	971	971	1942	1.05	114	11.74	107	5.51
146	db/JASPAR/JASPAR2022_CORE_vertebrates_non-redundant.meme	MA1124.1	MA1124.1.ZNF24	CATTCATTCATTC	3.54e-9	1.03e-6	8.66e-4	292	971	971	1942	32.3	37	3.81	13	0.67
147	db/JASPAR/JASPAR2022_CORE_vertebrates_non-redundant.meme	MA1606.1	MA1606.1.Foxf1	DWRTAAACANN	1.11e-9	1.05e-6	8.82e-4	952	971	971	1942	1.06	382	39.34	548	28.22
148	db/JASPAR/JASPAR2022_CORE_vertebrates_non-redundant.meme	MA0130.1	MA0130.1.ZNF354C	MTCCAC	7.22e-10	1.09e-6	9.13e-4	1508	971	971	1942	1.42	374	38.52	531	27.34
149	db/JASPAR/JASPAR2022_CORE_vertebrates_non-redundant.meme	MA1708.1	MA1708.1.ETV7	DGSCGGAAGTR	1.41e-9	1.28e-6	1.07e-3	908	971	971	1942	2.37	178	18.33	199	10.25
150	db/JASPAR/JASPAR2022_CORE_vertebrates_non-redundant.meme	MA1779.1	MA1779.1.TFAP4::ETV1	RSCGGAAGCAGSTGKN	5.25e-9	2.21e-6	1.85e-3	421	971	971	1942	1.9	135	13.90	138	7.11
151	db/JASPAR/JASPAR2022_CORE_vertebrates_non-redundant.meme	MA0131.2	MA0131.2.HINFP	CARCGTCCGCKN	6.95e-9	2.39e-6	2.00e-3	343	971	971	1942	1.02	162	16.68	180	9.27
152	db/JASPAR/JASPAR2022_CORE_vertebrates_non-redundant.meme	MA1547.2	MA1547.2.PITX2	YTAATCCY	3.20e-9	2.59e-6	2.17e-3	810	971	971	1942	1.54	260	26.78	337	17.35
153	db/JASPAR/JASPAR2022_CORE_vertebrates_non-redundant.meme	MA0147.3	MA0147.3.MYC	NNCCACGTGCNB	7.50e-9	3.04e-6	2.55e-3	406	971	971	1942	1.06	179	18.43	207	10.66
154	db/JASPAR/JASPAR2022_CORE_vertebrates_non-redundant.meme	MA0593.1	MA0593.1.FOXP2	RWGTAAACAVR	4.46e-9	3.16e-6	2.65e-3	709	971	971	1942	1.02	300	30.90	408	21.01
155	db/JASPAR/JASPAR2022_CORE_vertebrates_non-redundant.meme	MA2023.1	MA2023.1.ZNF211	HWYATATACCAYRYW	2.25e-8	4.54e-6	3.81e-3	202	971	971	1942	1.2	95	9.78	85	4.38
156	db/JASPAR/JASPAR2022_CORE_vertebrates_non-redundant.meme	MA0823.1	MA0823.1.HEY1	GRCACGTGCC	2.04e-8	4.82e-6	4.04e-3	236	971	971	1942	1.06	115	11.84	113	5.82
157	db/JASPAR/JASPAR2022_CORE_vertebrates_non-redundant.meme	MA1567.2	MA1567.2.Tbx6	NRGGTGTGAANN	5.91e-9	4.86e-6	4.07e-3	822	971	971	1942	1.2	302	31.10	413	21.27
158	db/JASPAR/JASPAR2022_CORE_vertebrates_non-redundant.meme	MA0108.2	MA0108.2.TBP	STATAAAWRSVVVBN	7.64e-9	5.20e-6	4.36e-3	681	971	971	1942	1.01	287	29.56	388	19.98
159	db/JASPAR/JASPAR2022_CORE_vertebrates_non-redundant.meme	MA0899.1	MA0899.1.HOXA10	DGYMATAAAAH	7.98e-9	9.88e-6	8.28e-3	1238	971	971	1942	1.03	481	49.54	747	38.47
160	db/JASPAR/JASPAR2022_CORE_vertebrates_non-redundant.meme	MA0492.1	MA0492.1.JUND	DDDRATGABGTCATN	3.46e-8	1.03e-5	8.67e-3	299	971	971	1942	1.05	140	14.42	152	7.83
161	db/JASPAR/JASPAR2022_CORE_vertebrates_non-redundant.meme	MA1718.1	MA1718.1.ZNF8	GTATGGATATACCACAKTTT	2.33e-7	1.14e-5	9.55e-3	49	971	971	1942	29.1	21	2.16	4	0.21
162	db/JASPAR/JASPAR2022_CORE_vertebrates_non-redundant.meme	MA0046.2	MA0046.2.HNF1A	DRTTAATNATTAACN	3.19e-8	1.27e-5	1.06e-2	397	971	971	1942	1.3	164	16.89	189	9.73
163	db/JASPAR/JASPAR2022_CORE_vertebrates_non-redundant.meme	MA0048.2	MA0048.2.NHLH1	CGCAGCTGCK	2.20e-8	1.34e-5	1.12e-2	606	971	971	1942	1.7	193	19.88	234	12.05
164	db/JASPAR/JASPAR2022_CORE_vertebrates_non-redundant.meme	MA0111.1	MA0111.1.Spz1	AGGGTWWCAGC	1.72e-8	1.37e-5	1.15e-2	796	971	971	1942	1.03	324	33.37	458	23.58
165	db/JASPAR/JASPAR2022_CORE_vertebrates_non-redundant.meme	MA0149.1	MA0149.1.EWSR1-FLI1	GGAAGGAAGGAAGGAAGG	5.96e-7	1.55e-5	1.30e-2	26	971	971	1942	3.04	20	2.06	4	0.21
166	db/JASPAR/JASPAR2022_CORE_vertebrates_non-redundant.meme	MA0060.3	MA0060.3.NFYA	RRCCAATCAGM	3.04e-8	1.73e-5	1.45e-2	570	971	971	1942	41.6	18	1.85	1	0.05
167	db/JASPAR/JASPAR2022_CORE_vertebrates_non-redundant.meme	MA0478.1	MA0478.1.FOSL2	KRRTGASTCAB	8.83e-8	2.84e-5	2.38e-2	322	971	971	1942	1.03	150	15.45	171	8.81
168	db/JASPAR/JASPAR2022_CORE_vertebrates_non-redundant.meme	MA0687.1	MA0687.1.SPIC	HAAAAGVGGAAGTA	4.63e-8	2.85e-5	2.39e-2	616	971	971	1942	2.63	138	14.21	150	7.72
169	db/JASPAR/JASPAR2022_CORE_vertebrates_non-redundant.meme	MA1799.1	MA1799.1.ETV5::FIGLA	RGCGGAARCAGGTGG	1.32e-7	3.32e-5	2.78e-2	251	971	971	1942	1.11	117	12.05	122	6.28
170	db/JASPAR/JASPAR2022_CORE_vertebrates_non-redundant.meme	MA0006.1	MA0006.1.Ahr::Arnt	YGCGTG	6.33e-8	3.51e-5	2.94e-2	554	971	971	1942	1.23	161	16.58	187	9.63
171	db/JASPAR/JASPAR2022_CORE_vertebrates_non-redundant.meme	MA1133.1	MA1133.1.JUN::JUNB	KRTGACGTCATN	1.52e-7	3.57e-5	2.99e-2	235	971	971	1942	1.21	94	9.68	89	4.58
172	db/JASPAR/JASPAR2022_CORE_vertebrates_non-redundant.meme	MA1475.1	MA1475.1.CREB3L4	GRTGACGTCAYC	2.67e-7	4.57e-5	3.83e-2	171	971	971	1942	1.07	85	8.75	78	4.02
173	db/JASPAR/JASPAR2022_CORE_vertebrates_non-redundant.meme	MA0004.1	MA0004.1.Arnt	CACGTG	1.70e-7	4.66e-5	3.91e-2	274	971	971	1942	3.33	129	13.29	141	7.26
174	db/JASPAR/JASPAR2022_CORE_vertebrates_non-redundant.meme	MA1113.2	MA1113.2.PBX2	NHCATAAATCAHN	6.32e-8	4.72e-5	3.95e-2	746	971	971	1942	1.09	293	30.18	410	21.11
175	db/JASPAR/JASPAR2022_CORE_vertebrates_non-redundant.meme	MA1115.1	MA1115.1.POU5F1	WHATGCAAATN	5.33e-8	5.89e-5	4.94e-2	1105	971	971	1942	5.56	99	10.20	93	4.79
176	db/JASPAR/JASPAR2022_CORE_vertebrates_non-redundant.meme	MA1644.1	MA1644.1.NFYC	RDCCAATCASN	8.74e-8	6.31e-5	5.29e-2	722	971	971	1942	20.4	17	1.75	1	0.05
177	db/JASPAR/JASPAR2022_CORE_vertebrates_non-redundant.meme	MA0600.2	MA0600.2.RFX2	SGTTGCCATGGYAACS	1.52e-6	6.97e-5	5.84e-2	46	971	971	1942	6.1	19	1.96	4	0.21
178	db/JASPAR/JASPAR2022_CORE_vertebrates_non-redundant.meme	MA0850.1	MA0850.1.FOXP3	RTAAACA	6.30e-8	7.06e-5	5.92e-2	1121	971	971	1942	1.08	414	42.64	632	32.54
179	db/JASPAR/JASPAR2022_CORE_vertebrates_non-redundant.meme	MA1114.1	MA1114.1.PBX3	NNNTGAGTGACAGGBNN	1.24e-7	7.42e-5	6.22e-2	597	971	971	1942	2.1	158	16.27	185	9.53
180	db/JASPAR/JASPAR2022_CORE_vertebrates_non-redundant.meme	MA1573.2	MA1573.2.Thap11	ACTACAABTCCCAG	4.26e-7	8.05e-5	6.75e-2	189	971	971	1942	1.44	79	8.14	71	3.66
181	db/JASPAR/JASPAR2022_CORE_vertebrates_non-redundant.meme	MA0622.1	MA0622.1.Mlxip	BCACGTGK	3.01e-7	8.17e-5	6.85e-2	271	971	971	1942	2.06	125	12.87	137	7.05
182	db/JASPAR/JASPAR2022_CORE_vertebrates_non-redundant.meme	MA1580.1	MA1580.1.ZBTB32	TGTACAGTAW	4.36e-7	9.07e-5	7.60e-2	208	971	971	1942	1.37	84	8.65	78	4.02
183	db/JASPAR/JASPAR2022_CORE_vertebrates_non-redundant.meme	MA0663.1	MA0663.1.MLX	RTCACGTGAT	1.31e-6	9.67e-5	8.10e-2	74	971	971	1942	1.63	40	4.12	24	1.24
184	db/JASPAR/JASPAR2022_CORE_vertebrates_non-redundant.meme	MA0785.1	MA0785.1.POU2F1	AWTATGCWAATK	1.76e-7	1.37e-4	1.15e-1	779	971	971	1942	1.2	288	29.66	407	20.96
185	db/JASPAR/JASPAR2022_CORE_vertebrates_non-redundant.meme	MA0488.1	MA0488.1.JUN	DDRATGATGTCAT	4.71e-7	1.43e-4	1.20e-1	303	971	971	1942	1.04	140	14.42	162	8.34
186	db/JASPAR/JASPAR2022_CORE_vertebrates_non-redundant.meme	MA0626.1	MA0626.1.Npas2	NSCACGTGTN	5.54e-7	1.51e-4	1.27e-1	273	971	971	1942	1.18	113	11.64	121	6.23
187	db/JASPAR/JASPAR2022_CORE_vertebrates_non-redundant.meme	MA1493.1	MA1493.1.HES6	GGCACGTGTY	9.11e-7	1.54e-4	1.29e-1	169	971	971	1942	1.03	86	8.86	83	4.27
188	db/JASPAR/JASPAR2022_CORE_vertebrates_non-redundant.meme	MA1464.1	MA1464.1.ARNT2	GTCACGTGMN	9.34e-7	1.65e-4	1.38e-1	177	971	971	1942	1.25	81	8.34	76	3.91
189	db/JASPAR/JASPAR2022_CORE_vertebrates_non-redundant.meme	MA0058.3	MA0058.3.MAX	AVCACGTGNY	7.85e-7	2.02e-4	1.70e-1	258	971	971	1942	1.01	122	12.56	136	7.00
190	db/JASPAR/JASPAR2022_CORE_vertebrates_non-redundant.meme	MA0831.3	MA0831.3.TFE3	GTCACGTGAC	2.04e-6	2.22e-4	1.86e-1	109	971	971	1942	22.4	14	1.44	1	0.05
191	db/JASPAR/JASPAR2022_CORE_vertebrates_non-redundant.meme	MA0871.2	MA0871.2.TFEC	NVCACGTGACN	1.93e-6	2.57e-4	2.15e-1	133	971	971	1942	7.52	27	2.78	11	0.57
192	db/JASPAR/JASPAR2022_CORE_vertebrates_non-redundant.meme	MA0820.1	MA0820.1.FIGLA	WMCACCTGKW	2.38e-7	2.71e-4	2.27e-1	1139	971	971	1942	1.47	351	36.15	523	26.93
193	db/JASPAR/JASPAR2022_CORE_vertebrates_non-redundant.meme	MA0848.1	MA0848.1.FOXO4	GTAAACA	3.09e-7	3.00e-4	2.51e-1	971	971	971	1942	1.46	259	26.67	359	18.49
194	db/JASPAR/JASPAR2022_CORE_vertebrates_non-redundant.meme	MA0465.2	MA0465.2.CDX2	NDGCAATAAAWN	3.05e-7	3.09e-4	2.59e-1	1014	971	971	1942	1.04	392	40.37	601	30.95
195	db/JASPAR/JASPAR2022_CORE_vertebrates_non-redundant.meme	MA0782.2	MA0782.2.PKNOX1	NNTGAGTGACAGVNN	5.88e-7	3.30e-4	2.76e-1	561	971	971	1942	1.53	176	18.13	221	11.38
196	db/JASPAR/JASPAR2022_CORE_vertebrates_non-redundant.meme	MA0606.2	MA0606.2.Nfat5	NNATGGAAAAWN	2.39e-7	3.31e-4	2.77e-1	1382	971	971	1942	1.73	345	35.53	512	26.36
197	db/JASPAR/JASPAR2022_CORE_vertebrates_non-redundant.meme	MA1131.1	MA1131.1.FOSL2::JUN	GRTGACGTMAT	1.43e-6	3.46e-4	2.90e-1	242	971	971	1942	1.02	114	11.74	126	6.49
198	db/JASPAR/JASPAR2022_CORE_vertebrates_non-redundant.meme	MA0464.2	MA0464.2.BHLHE40	VKCACGTGMC	2.73e-6	3.66e-4	3.07e-1	134	971	971	1942	1.06	68	7.00	61	3.14
199	db/JASPAR/JASPAR2022_CORE_vertebrates_non-redundant.meme	MA1783.1	MA1783.1.ERF::FOXI1	RTAAACMGGAARTR	4.39e-7	3.71e-4	3.11e-1	844	971	971	1942	1.1	310	31.93	452	23.27
200	db/JASPAR/JASPAR2022_CORE_vertebrates_non-redundant.meme	MA2041.1	MA2041.1.Nkx2-1	NVCACTTGARHNN	6.13e-7	3.78e-4	3.16e-1	616	971	971	1942	3.27	145	14.93	171	8.81
201	db/JASPAR/JASPAR2022_CORE_vertebrates_non-redundant.meme	MA0719.1	MA0719.1.RHOXF1	NTRATCCN	2.58e-7	3.87e-4	3.24e-1	1502	971	971	1942	2.33	61	6.28	46	2.37
202	db/JASPAR/JASPAR2022_CORE_vertebrates_non-redundant.meme	MA1636.1	MA1636.1.CEBPG	NDATGATGCAATMHH	8.10e-7	4.00e-4	3.35e-1	494	971	971	1942	1.85	143	14.73	169	8.70
203	db/JASPAR/JASPAR2022_CORE_vertebrates_non-redundant.meme	MA0825.1	MA0825.1.MNT	RVCACGTGMH	1.59e-6	4.17e-4	3.49e-1	262	971	971	1942	2.98	82	8.44	79	4.07
204	db/JASPAR/JASPAR2022_CORE_vertebrates_non-redundant.meme	MA0084.1	MA0084.1.SRY	NWWAACAAT	2.84e-7	4.22e-4	3.54e-1	1485	971	971	1942	1.13	516	53.14	840	43.25
205	db/JASPAR/JASPAR2022_CORE_vertebrates_non-redundant.meme	MA0679.2	MA0679.2.ONECUT1	WAAAAATCAATAAWWN	7.39e-7	4.71e-4	3.95e-1	638	971	971	1942	1.09	255	26.26	357	18.38
206	db/JASPAR/JASPAR2022_CORE_vertebrates_non-redundant.meme	MA0019.1	MA0019.1.Ddit3::Cebpa	VNRTGCAATMCC	8.18e-7	5.21e-4	4.36e-1	637	971	971	1942	2.47	129	13.29	147	7.57
207	db/JASPAR/JASPAR2022_CORE_vertebrates_non-redundant.meme	MA0683.1	MA0683.1.POU4F2	RTGCATAATTAATGAG	4.82e-6	5.54e-4	4.64e-1	115	971	971	1942	3.78	38	3.91	24	1.24
208	db/JASPAR/JASPAR2022_CORE_vertebrates_non-redundant.meme	MA0259.1	MA0259.1.ARNT::HIF1A	VBACGTGC	1.41e-6	5.64e-4	4.73e-1	400	971	971	1942	1.19	139	14.32	165	8.50
209	db/JASPAR/JASPAR2022_CORE_vertebrates_non-redundant.meme	MA0664.1	MA0664.1.MLXIPL	RTCACGTGAT	3.65e-6	5.80e-4	4.86e-1	159	971	971	1942	1.13	76	7.83	73	3.76
210	db/JASPAR/JASPAR2022_CORE_vertebrates_non-redundant.meme	MA0603.1	MA0603.1.Arntl	NGTCACGTGH	3.68e-6	7.68e-4	6.43e-1	209	971	971	1942	2.43	57	5.87	47	2.42
211	db/JASPAR/JASPAR2022_CORE_vertebrates_non-redundant.meme	MA1712.1	MA1712.1.ZNF454	DGGCTCSSGGCCCYGVKG	9.75e-7	7.72e-4	6.47e-1	793	971	971	1942	1.06	316	32.54	468	24.10
212	db/JASPAR/JASPAR2022_CORE_vertebrates_non-redundant.meme	MA0507.2	MA0507.2.POU2F2	AWTATGCAAATKAG	5.06e-6	7.79e-4	6.53e-1	154	971	971	1942	1.05	76	7.83	74	3.81
213	db/JASPAR/JASPAR2022_CORE_vertebrates_non-redundant.meme	MA0595.1	MA0595.1.SREBF1	VTCACCCCAY	1.79e-6	8.47e-4	7.10e-1	474	971	971	1942	1.07	196	20.19	260	13.39
214	db/JASPAR/JASPAR2022_CORE_vertebrates_non-redundant.meme	MA0636.1	MA0636.1.BHLHE41	RTCACGTGAC	1.62e-5	8.77e-4	7.35e-1	54	971	971	1942	47.1	12	1.24	1	0.05
215	db/JASPAR/JASPAR2022_CORE_vertebrates_non-redundant.meme	MA1139.1	MA1139.1.FOSL2::JUNB	DATGACGTCATH	5.06e-6	9.21e-4	7.72e-1	182	971	971	1942	1.42	76	7.83	74	3.81
216	db/JASPAR/JASPAR2022_CORE_vertebrates_non-redundant.meme	MA0042.2	MA0042.2.FOXI1	GTAAACA	1.65e-6	9.60e-4	8.05e-1	583	971	971	1942	1.15	226	23.27	311	16.01
217	db/JASPAR/JASPAR2022_CORE_vertebrates_non-redundant.meme	MA0510.2	MA0510.2.RFX5	SGTTGCCATGGYAACV	1.88e-5	1.03e-3	8.67e-1	55	971	971	1942	3	26	2.68	13	0.67
218	db/JASPAR/JASPAR2022_CORE_vertebrates_non-redundant.meme	MA1145.1	MA1145.1.FOSL2::JUND	NNRTGACGTCAYHSN	5.02e-6	1.06e-3	8.92e-1	212	971	971	1942	1.36	85	8.75	87	4.48
219	db/JASPAR/JASPAR2022_CORE_vertebrates_non-redundant.meme	MA0787.1	MA0787.1.POU3F2	WTATGCWAATKA	1.73e-6	1.07e-3	8.98e-1	620	971	971	1942	1.05	251	25.85	355	18.28
220	db/JASPAR/JASPAR2022_CORE_vertebrates_non-redundant.meme	MA1709.1	MA1709.1.ZIM3	RVMAACAGAAACCYM	2.25e-6	1.28e-3	1.08e0	572	971	971	1942	1.07	229	23.58	318	16.37
221	db/JASPAR/JASPAR2022_CORE_vertebrates_non-redundant.meme	MA0798.3	MA0798.3.RFX3	CGTTRCCATGGCAACS	7.91e-5	1.42e-3	1.19e0	18	971	971	1942	4.74	12	1.24	2	0.10
222	db/JASPAR/JASPAR2022_CORE_vertebrates_non-redundant.meme	MA0509.3	MA0509.3.RFX1	SGTTGCCATGGCAACS	1.26e-4	1.51e-3	1.27e0	12	971	971	1942	2.26	10	1.03	1	0.05
223	db/JASPAR/JASPAR2022_CORE_vertebrates_non-redundant.meme	MA1566.2	MA1566.2.TBX3	RAGGTGTGAAV	3.07e-6	1.61e-3	1.35e0	525	971	971	1942	1.65	156	16.07	196	10.09
224	db/JASPAR/JASPAR2022_CORE_vertebrates_non-redundant.meme	MA0596.1	MA0596.1.SREBF2	RTGGGGTGAY	3.12e-6	1.61e-3	1.35e0	517	971	971	1942	8.67	55	5.66	44	2.27
225	db/JASPAR/JASPAR2022_CORE_vertebrates_non-redundant.meme	MA0792.1	MA0792.1.POU5F1B	TATGCWAAT	1.89e-6	1.79e-3	1.50e0	950	971	971	1942	3.94	92	9.47	94	4.84
226	db/JASPAR/JASPAR2022_CORE_vertebrates_non-redundant.meme	MA0138.2	MA0138.2.REST	TTCAGCACCATGGACAGCDCC	2.85e-5	2.31e-3	1.93e0	81	971	971	1942	1.96	36	3.71	25	1.29
227	db/JASPAR/JASPAR2022_CORE_vertebrates_non-redundant.meme	MA1136.1	MA1136.1.FOSB::JUNB	RTGACGTCAT	9.77e-6	2.55e-3	2.13e0	261	971	971	1942	1.02	118	12.15	140	7.21
228	db/JASPAR/JASPAR2022_CORE_vertebrates_non-redundant.meme	MA1731.1	MA1731.1.ZNF768	YBVCYBRSCCTCTCTGDG	3.82e-6	2.55e-3	2.13e0	668	971	971	1942	88	18	1.85	4	0.21
229	db/JASPAR/JASPAR2022_CORE_vertebrates_non-redundant.meme	MA0693.3	MA0693.3.Vdr	NNGAGTTCANN	2.80e-6	2.58e-3	2.16e0	921	971	971	1942	2.51	175	18.02	227	11.69
230	db/JASPAR/JASPAR2022_CORE_vertebrates_non-redundant.meme	MA0802.1	MA0802.1.TBR1	AGGTGTGAAA	4.97e-6	2.67e-3	2.24e0	538	971	971	1942	1.05	220	22.66	307	15.81
231	db/JASPAR/JASPAR2022_CORE_vertebrates_non-redundant.meme	MA0692.1	MA0692.1.TFEB	RYCACGTGAC	7.86e-6	2.82e-3	2.37e0	360	971	971	1942	9.74	22	2.27	8	0.41
232	db/JASPAR/JASPAR2022_CORE_vertebrates_non-redundant.meme	MA0152.2	MA0152.2.Nfatc2	NNRNAATGGAAANWNH	2.85e-6	3.14e-3	2.63e0	1102	971	971	1942	1.15	391	40.27	615	31.67
233	db/JASPAR/JASPAR2022_CORE_vertebrates_non-redundant.meme	MA1801.1	MA1801.1.FOXJ2::ELF1	RTAAACMGGAAGTR	5.11e-6	3.82e-3	3.20e0	749	971	971	1942	1.35	241	24.82	344	17.71
234	db/JASPAR/JASPAR2022_CORE_vertebrates_non-redundant.meme	MA0604.1	MA0604.1.Atf1	RTGACGTA	2.54e-5	5.14e-3	4.30e0	203	971	971	1942	1.01	95	9.78	108	5.56
235	db/JASPAR/JASPAR2022_CORE_vertebrates_non-redundant.meme	MA0526.4	MA0526.4.USF2	DRTCACGTGAYH	1.17e-4	6.42e-3	5.38e0	55	971	971	1942	1.1	32	3.30	23	1.18
236	db/JASPAR/JASPAR2022_CORE_vertebrates_non-redundant.meme	MA0711.1	MA0711.1.OTX1	HTAATCCS	9.90e-6	7.25e-3	6.08e0	735	971	971	1942	1.18	251	25.85	366	18.85
237	db/JASPAR/JASPAR2022_CORE_vertebrates_non-redundant.meme	MA1143.1	MA1143.1.FOSL1::JUND	RTGACGTMAY	2.29e-5	7.85e-3	6.58e0	344	971	971	1942	1.15	120	12.36	147	7.57
238	db/JASPAR/JASPAR2022_CORE_vertebrates_non-redundant.meme	MA0789.1	MA0789.1.POU3F4	TATGCWAAT	1.78e-5	8.78e-3	7.35e0	496	971	971	1942	2.89	92	9.47	102	5.25
239	db/JASPAR/JASPAR2022_CORE_vertebrates_non-redundant.meme	MA1640.1	MA1640.1.MEIS2	NNATGATTTATGDNH	1.27e-5	9.30e-3	7.80e0	734	971	971	1942	1.16	264	27.19	391	20.13
240	db/JASPAR/JASPAR2022_CORE_vertebrates_non-redundant.meme	MA1127.1	MA1127.1.FOSB::JUN	GATGACGTCAT	4.73e-5	9.75e-3	8.17e0	207	971	971	1942	1.03	94	9.68	109	5.61
241	db/JASPAR/JASPAR2022_CORE_vertebrates_non-redundant.meme	MA0002.2	MA0002.2.Runx1	BBYTGTGGTTT	9.54e-6	1.08e-2	9.02e0	1134	971	971	1942	1.01	430	44.28	699	35.99
242	db/JASPAR/JASPAR2022_CORE_vertebrates_non-redundant.meme	MA0639.1	MA0639.1.DBP	NRTTACGTAAYV	6.00e-5	1.09e-2	9.16e0	183	971	971	1942	2.54	53	5.46	49	2.52
243	db/JASPAR/JASPAR2022_CORE_vertebrates_non-redundant.meme	MA1619.1	MA1619.1.Ptf1A	NNACAGCTGTNN	1.25e-5	1.12e-2	9.39e0	899	971	971	1942	1.01	350	36.05	549	28.27
244	db/JASPAR/JASPAR2022_CORE_vertebrates_non-redundant.meme	MA0620.3	MA0620.3.MITF	NNNDRTCACGTGAYHNNN	4.66e-5	1.14e-2	9.54e0	246	971	971	1942	2.26	71	7.31	74	3.81
245	db/JASPAR/JASPAR2022_CORE_vertebrates_non-redundant.meme	MA1129.1	MA1129.1.FOSL1::JUN	ATGACGTCAT	3.82e-5	1.15e-2	9.62e0	302	971	971	1942	1.01	132	13.59	169	8.70

# AME (Analysis of Motif Enrichment): Version 5.4.1 compiled on Aug 25 2021 at 17:36:32
# The format of this file is described at https://meme-suite.org/meme/doc/ame-output-format.html.
# ame --verbose 1 --oc . --scoring avg --method fisher --hit-lo-fraction 0.25 --evalue-report-threshold 10.0 --control --shuffle-- --kmer 2 ctrl_1.fa db/JASPAR/JASPAR2022_CORE_vertebrates_non-redundant.meme
